,user_location,author_id,user_username
0,"Jalisco, M√©xico",2239825712,IIEGJ
1,"Berlin, Germany",3092381638,CedScherer
2,"Moncton, New Brunswick, Canada",1502070512041791488,Cononolapotato
3,Paris,560431626,antuki13
4,Sheffield,202227790,david_leather
5, ,3289591732,rabin_ojha
7,Planeta Tierra üåé,790584781771722753,geogracelis
8,"Nanaimo, British Columbia",1120146270167814149,hadallen2
9,"Lexington, KY",1280909342745800710,WChrisLyons
10,"Westminster, CO",1491031412,JPeterPeters
11, ,1587507616430768129,AlbertoHa07
12, ,19900688,mapperz
13,"Brisbane, Queensland üá¶üá∫üáØüáµ",187171010,IKEDA_02
14,45 landsat pixels on Vashon,381644595,DnomadB
15, ,840682774403133441,HistoCarte
16,Braunschweig | New York,374486396,locrmaps
17,Munich,28102639,pheebely
18,"Western Colorado, USA",704834009252036608,mikedavl
19,France,1494836294735863817,Chireiden_ER
20,"Michigan, USA",1493786300448747520,Anna81020749
21,Colombia,116880000,nico_baene
22, ,1361226912669061121,malasi_abhinav
23,"Salvador, Bahia",1367477875717382146,IcaroBSC
24,Atlanta,182125166,clarenceatlanta
25,"Leuven, Belgium",520200099,SimonDriesen
26, ,895835407,somethinsfischy
27,"Sydney, AU",19001296,minus34
28,"Pima County, Arizona, USA",2884207229,TheGISDiva
29,"Toronto, ON",873014108,rebennett_
30,"Ogden, UT",95275060,Fargreenhills
31,Mashiko,67455306,bordoray
32,"Portland, ME",34334228,iambarr
33,"Ithaca, NY, USA",275677658,kgjenkins
34,Edinburgh,363276700,stevefaeembra
35,France,310401461,bastien_rance
36, ,137107982,atdodkonfektes
37,Tanzania,1255538298,Makdavy1
39,"Christchurch, New Zealand",1020137956869222401,SouthArrowMaps
40,Dijon,1097868640475594752,JeanDup1n
41,"Pisa, Toscana",1015528650639372288,BardiManuele
42,Toronto,2802492936,mappingming
43, ,1108546833821954048,Anastas47310092
44,"Boston, MA",1177927694547406848,coughlinmaps
45,"Scotland, United Kingdom",1414375263253770240,DataScienceNot2
46,"Berlin, Germany",2366590092,ldbailey255
48,"Oxford, England",970015003888758784,ClaireEHalloran
49,"Stavanger, Norway",44981447,torehalset
50,"Brooklyn, NY",15615271,chris_whong
51,"Cleveland, OH",327755131,urblg
52, ,1216771765,geogpsperu
53,"Uppsala, Sweden",1002212251,geokaramanis
54,Cambridge Uk,2341897566,PeterTFretwell
55, ,1584809963553427456,jaanekaraster
56,South Africa,829949071595016192,KartozaGeo
57,"Lucknow, India",743705851303628801,TanuGururani
59,–£–∫—Ä–∞—ó–Ω–∞,909289106861064192,vadymnes
60,Ukraine,968892427368050690,Textyorgua_Eng
61,"Denver, CO",1430527437704777731,aliciaoberhol
63,"Portland, OR",3906146132,JGoworowska
64,"Lucerna, Svizzera",336517784,luca_northsouth
65,Per√∫,64875424,barredajose
66, ,1562969652330119168,tangoclaw
67, ,461965493,kriksine
68,"Palmer, AK",1348777563611561985,TheTomTurkey
69, ,2163188711,tyson_okoth
71, ,1494593861112455168,countryleapp
72,Bangalore,83043346,rajatchopra91
73,"Shrewsbury, England",238730325,DVDMaps
74,"Nairobi, Kenya",1004775170597445634,mbararl
75,"Bengaluru, India",44111340,arkarjun
76,Canada,1329547993,Marco_Piani
77, ,1327776293971103746,MapsbyW
78,"Bucharest, Romania",2987260856,ClaudiaBlagu
79,"Europe, N.America, LATAM, Asia",793464945971257350,Steer_DfM
80,"Riga, Latvia",1096581954844147713,laysking3
82,Enschede,22024763,DieTukkerfries
83,"Taunton, England",4295501181,JamesCarey714
84, ,1585974052975419392,frankypeck
85, ,404240734,SDGeoGirl
86, ,1525819946286161921,magmap_
87,"Norman, Oklahoma",1185244681166295041,geospatial_OU
88, ,2574612668,hireuter
89,"Edinburgh, Scotland",1272146417323294721,MindOverMagma
90, ,21466824,Elmedicobrujo
91,Ukraine,1480299502384861184,margarita_hohun
92,Galloway,1081900377853829120,dgplacenames
93,"K√∂ln, Deutschland",1139059532,_ansgar
94,"San Diego, Ca",1385840413324451840,GISTestingGoat
95,"Bengaluru South, India",1316056821564542979,aman_bagrecha
96,Kingdom of Saudi Arabia,737409461560692736,mapdesignpro
97," Algeria Algiers, ŸÉŸÑ ŸÖÿ±ÿ© ŸàŸäŸÜ ",1086285558530363393,amdjedlakehal
98,"Detroit, Michigan",70503077,XenonGT
99,United Kingdom,376194515,piabenaud
100, ,1454920710812487680,nordaufnordost
101,Planet Earth,1349110409215795204,PythonMaps
102, ,1161748534397456384,Fringe_Finder
103,üá∞üá™,1115217364369461248,CuteEyedBee
104,IDF,195802419,Menileda
106, ,1316116835327148035,hellovizart
107, ,2525776104,JavierCornejoT
108,Ciudad de M√©xico,916131169376202752,delmoralsu
109,"Madison, WI",243497005,pinakographos
110, ,1587480134843498496,AvokoRanto
111,"Falmouth, MA",249790792,WoodwellClimate
112, ,1196778015537188865,flocheprl
113,"Chennai, India",1289388543433818112,spatialcamp
115,"Grand Rapids, MI",741653561314922496,pokateo_
116,"Arlington, MA",2391754261,MapOfTheWeek
117,"Raleigh, NC",762107260881502208,calahan_riley
118,Madagascar,1395749392276152320,Xpirix3
119,"Freiburg im Breisgau, Germany",2778216364,27aea577f17d4c4
120,Metaverse,1456964301852344328,metaworldmaps
121,Yogyakarta,121336515,anhsirkwijaya
122,"Vancouver, Canada",94454747,FMEEvangelist
123, ,1070447109030187008,Njuguna1Duncan
124,"Halifax, NS",21537132,HfxShippingNews
125,"West Chester, PA",1148733395561668609,joshspatial
126,France,1314533905706422273,CapitaineMoust1
127, ,1433472438533304320,NVG8official
129, ,1330437209175035904,TimOstler1
130,"Blantyre, Malawi",1386395362672455684,DicksonMbeya
131,Nigeria ,1250011013648470016,OluwafemOyedele
132,"Lexington, KY",109043700,mattzook
133,"Ispra, Italy",273627737,mazucci
134, ,1482613878664359940,teddybear_Zoe
136,"Chennai, India",105407287,Saint_GIS
137,"Colorado, USA",137779669,GIS_DOG
138,"Madison, WI",52899973,oh_sk
139,"Shanghai, China",1160963883860762624,ShijiaWendy
140,"Provo, Utah",16644911,bplewe
141, ,1540686101702070273,tvizninja
142,"Yakima, WA",16178541,randybondsjr
143,"Michigan, USA",543626105,AndreaMc_Geo
144,"Michigan, USA",937058112,MatthewHMalone
145,"Tokyo, Japan",1584556399651999744,riogis1
147,Amiskwac√Æw√¢skahikan,103084080,wyman10
148,USA,3094607959,donojazz62220
149,"Vellakoil, Tamil Nadu",438344019,IamThiyaku
150,Aberdeen and Dundee,3119218925,seismo_amy
152, ,3840607221,micheal_kaluba
153,"Mumbai, India",1439913219976417284,PratikshaC_77
154,"Knoxville, TN",4150548435,_aasmith
155,"√úT: -6.368713,106.827116",116146018,adisadit
156,The Netherlands,109054515,redgeographics
157,"San Francisco, CA",53135103,IsaacBrodsky
158,La Plana,1122754929515536384,poloi
160,France,1587742646981754880,cp2rconsulting
161,Mexico,3278934925,kai_sonder
162,Goa,1319881645,transerve
163,Switzerland,1552205202714935297,tmapstudio
164,"Detroit Metro, MI, USA",4721200932,DevinMLea
165,"Helsinki, Finland",2335208993,polarboe
166,"Islamabad, PK",4558321589,imagineazhar
167, ,115979791,guerreroclaudia
168,"Fort Worth, TX",144529492,kyle_e_walker
170,"Austin, TX",1381622356406382595,Parks_and_Rick
171,Spanish Fork Utah,47035081,smcshinsky
172, ,1328750467699060738,gigainfosystems
173,Chini Ya Mwamba,154031647,Arap_solit
175,"Abu Dhabi, UAE",1331215289825030147,leeolney3
176, ,1577290775750213632,DallEMap
179,"DAKAR, SENEGAL",1213227533228855298,Abdoula47753388
180,"Rotterdam, NL",480936962,gspeed0689
182,Toronto,3092393211,IvaBrunec
183,"Bay View, Milwaukee",39422694,MrPecners
184,Kuwait (Ex Texan),908818700660236288,geo_alyaqout
185, ,1490675243425439751,city_janitor
186,"Athens, GA",13215962,jerry_shannon
187,India,1200737769351348224,DeepaliKank
188,France,1560563468574474240,CitiProfile
189,Location Varies,4431048141,CorwanGroux
190, ,1588197748171472896,mikkokangasmaa
191, ,1204451896850862080,oie_gt
192,North Carolina,1518719738335084545,GeoWithJustin
194,Beijing,949696867926978560,WeiDuhun
195,London,11094672,KeirClarke
196, ,1434095811499945984,gisact_org
197, ,1545396985842343937,mapserverstudio
198,Czech Republic,625871634,PetraDuriancik
199,"Grand Ledge, MI",381150541,John_M_Nelson
200,"Allariz, Espa√±a",304073347,aitorfreire
201,Ohio,132383482,getbounds
202,–£–∫—Ä–∞—ó–Ω–∞,912239743420846080,SergiiShchus
205,"Geneva, Switzerland",1183213291188834305,ayeishasheldon1
206,"Kuching, Sarawak; Malaysia",22246509,azaleakamellia
207,"Valencia, Spain",290751335,thisismikehall
208,www.cartapaname.fr,732695379288961026,Artisans_Cartos
210,United Kingdom,1033206985,CasegFraith
211,"Charlotte, NC",38052918,ryanahart
212, ,1587444944762916865,gisXiaoWang
213,"Mumbai, India",4663343477,thatkopguy
214,Fianarantsoa,997330455392333824,privatemajory
216,"London, UK",309734801,samwise_v
217,ecoevo.social/@jonasstillhard,993008496152064001,JonasStillhard
220,"Galway, Ireland",967140347754184706,KellieHeney
221,Inside too much,424357259,dbgoody
222,United Kingdom,963902391643967488,nrennie35
223,Italy,1433417142049853441,LatidudeMaps
224,"London, England",1186202364,Julian_H0ffmann
225, ,45566922,ZER0D0TS
226,the rayverse,946151815,researchremora
227,"Pune, India",60331964,kutazama
228,"Budapest, Hungary",811349952815398912,milan_janosov
229,France,22425359,mamatdunet
230, ,1114069920092966912,KateEllen100
231,"Canning Town, London",798739,dankarran
232,"Helsinki, Suomi",2198358416,tjukanov
233,"Delft, the Netherlands",2913896423,tudelft3d
234,Leeds,21752435,neilcharles_uk
235, ,3292714356,shadfrigui
236,"Big Island, Hawaii",1040456237517664256,barelymaps
238,"Bellingham, Washington",3309914684,sarahbellmaps
239, ,446573069,sometimetime
240,shanghai,1585821802235764737,lijian08638859
241,"Paris, France",27031469,oliviermarchon
242,"Sheffield, England",343928585,undertheraedar
243,Earth ,1531477585,aminatabubakar7
244,World,285509027,FGazzelloni
245,Belfast,1265955927494197249,ceren_do
246,"Exeter, England",4016856743,hughagraham
247,"Saitama-ken, Japan",4235221572,syanseto
248,France,1529548121268699136,Carto_yan
249,Belgium,324473764,GeoPostcodes
250,London,3715791856,LoraineRutt
251,"Titchfield, Fareham",2248416469,ONSgeography
252,In a data galaxy far far away,24855822,ChristiaanBeek
253, ,41994074,nlohmann
254,London,19331692,kanedr
255,Newcastle-upon-Tyne,782161298,Neil_py_harris
256,"Hawaii, USA",1024584556110852096,KonturInc
257, ,1501676571945492508,curious_Fabian
258, ,1587514593986985987,TranskiMapper
259,"Temanggung, Indonesia",475862742,zaenun_faiz
260,Paris / Pays basque,3300877743,XemartinLaborde
261, ,135211300,Knutenchamun
262,"Helsinki, Finland",845248364191059968,digigeolab
263,Steenbergen,1270037817750630404,geojuffie
264,"Toulouse, France",981265770511523840,thomasdubdub
265,The Stadior System,267310660,mattah353
266,"Aberystwyth, Wales",781130098120462336,NLWGraphic
267,"Aberystwyth, Wales",781135146292539392,LlGCGraffeg
268,"Paris, France",860108779471462400,cpchabert
269,"Paris, France",18551865,nimwendil
270,Bangalore,424013927,Priyadarshini78
271,North/East/South/West,828846486,abiyugiday
272,"Fondettes, France",98665397,Articque
273,"Hokkaido, Japan",1533953845617106944,MIERUNE_inc
275, ,1280475183514558465,JanFries9
276,"Pune, India",19455385,DevTen85
277,"Stirling, Scotland",223959960,_penguin_runner
279, ,21060597,BarryElliott
280, ,1268434063767060480,grndng040
281,"Southampton, England",31388855,steveattewell
282, ,900548798,Geolytix
283,"Merced, CA",754537285660573696,DerekSollberger
284,Salzburg,152225939,ClaudiaSbg
285, ,1589674134929375236,MapsOfFinland
286,"Besan√ßon, France",1541945040,CecileMatusiak
287,"Southampton, UK",22614266,OrdnanceSurvey
288,"Lyon, France",2513113684,noirothomas
289,Barcelona,166224933,Mboschm
290,The Netherlands,760094405369946112,hansakwast
291,"Otaniemi, Espoo, Finland",1159430569266167808,AaltoGeoinfo
292,"Auvergne, France",1131083018406432768,KittJonathan
293,Limoges ‚Äî Lyon,611882238,LucasDestrem
296, ,1311399091,Lubin_Picard
298, ,191603507,cortodemalta
300,"Dublin City, Ireland",437801734,MapsByAntonia
301,Paris,138790830,JulesGrandin
302,"Kiel, Germany",1344806977306849282,FelixEckel
303,"Helsinki, Suomi",973813309811187713,gispofinland
304,"Northampton, England",968429569350029312,kirstywilcox2
305,Paris,1035417413586694144,neocartocnrs
306,"Prague, Czech Republic",1513755446221361152,CtuGeomatics
307,"Cambridge, UK",145683389,DrGeoffSmith
308,"Tartu, Estonia",2629383321,tkardi
309,The Netherlands,1091106812852609027,Mapple_juice
310,"Wicklow, Ireland",433379529,vanessatebbitt
311, ,1189967197730430977,Kartokobri
312, ,193592650,maaamet
313, ,1585965560122298368,loore_ko
314, ,1537689873133494272,Romainsologne
315,"Southampton, UK",1672632270,WorldPopProject
316,"Zaragoza, Espa√±a",2478849098,Galactero
317, ,2686619917,benhur07b
318, ,2841746832,samiasab90
319,"Karnataka, India",365944185,samashti_
320,"London, UK",1255575072301088770,gis_euk
321,"Merti, Kenya",1203284817212825609,kenyangeography
324, ,1431328127871963139,ahmiller25
325, ,1565861596609773568,Soccer_Soundoff
327,"Copley Square, Boston, MA",65125461,bplmaps
328,"Culiac√°n, Sinaloa",1352456228455256068,Guaiacumac
329, ,1203881949607026688,sameer_enigma
330,"Santa Cruz, SC, Bolivia",38113384,rcrmj
331, ,3191891974,baileyknapp17
332,"Monona, WI",359333941,yeshan_geo
335,R√©publique du B√©nin,2364192646,229Biodiversity
339,"Phoenix, Arizona",1577794966029357056,madysonbradford
340, ,1590540839817777152,Tiagodetal
343, ,14075285,jpamado
345,"51.071363,-4.126697",166348278,TheMapAddict
346,"Houston, TX",17106376,graharg
352,"Lansing, MI",206207988,thechrisgs
353, ,1039247575965224960,habemusmodelum
354,"Toronto, Ontario",3129922635,willy_maps
357, ,1583082408622133248,antoaneta_yo
359,"Zurich, Switzerland",747338030621425665,paniterka_ch
363, ,809786778,SkillsyV2
364,"Williamsburg, VA",952746213895524352,ShannonFoxxDay
368,ÿØŸàŸÑÿ© ÿßŸÑŸÉŸàŸäÿ™,2744656034,Husain_Qamber
371,Martinique,2858890877,guillem_lefait
372, Tweets from +234,2523279397,whoisOlaxtra
373,"athabasca,AB",1228447116,Molasses_35
374,Edinburgh,1359196886947803137,BeniSpatial
375,"Cherkasy, Ukraine",14992557,gontsa
377, ,1506155397278752771,leiberiuk
378,southwest Michigan,1231780311941492738,LocationArtist
380,Switzerland,1320623996249976832,1cartogRaph
381, ,1337348144871452677,OceanYodeller
382,"Redlands, CA",89117090,spangrud
384, ,1542581207703109632,vizwithyash
386,"InDyA, Palpal√°, Jujuy.",177221212,matulepori
390,"Osasco, Brasil",1106695312347987968,Gilsonmirandaj
393, ,1456144370126647298,SouthCrossMaps
394,"Qu√©bec, QC",1465708383038685196,ced_bouffard
395, ,1125320137853341696,ptarroso
397, ,1341203133377224704,TanyaBils
399,Connecticut,92863619,scottwritter
400,"Seoul; Suwon, Korea",192179296,shinyoungyoon
401, ,850702504346210304,mutai_hazard
402, ,3180922855,crisalpuche
405,Galway in little old Ireland.,294774262,Conbon27
408,"Toliara, Madagascar",4250716119,aina_don
410,"ƒ∞stanbul,Turkey",165329952,digitalhealthxx
411,Zone 6B,318059549,kylie_tokes
412, ,2605777380,LinoGaliana
413, ,2882226514,viajeroerrant
415,"Leominster, MA",1563241987457052672,PeterLillieGeo
416,Germany,1461656756225024000,Tea_Muraj
419,"Lagos, Nigeria",285258054,DOh_Bams
421,"Phoenix, AZ",1078388703075229696,Graubi3
423,"Abuja, Nigeria",374459093,zinnie__A
425,EPSG:27700,759988092,Iawmatthew
429, ,1278191467735941120,Drew___Avery
430,FR-94160 Saint-Mand√©,2247167180,jmviglino
434,"New York, NY",1531683308228071424,ParclLabs
436,"Milan, Italy üáÆüáπ",562157984,andrea_magarini
437,"Huntsville, AL",1702059680,Artimaps_DavidN
441,"Woods Hole, MA",60300190,g_fiske
443, ,1587413491593494528,CartoCam
446,"Toronto, ON",22914910,Avenza
452,London,737684638555090944,LisaHornung_
455,Honduras,1153198611724951553,Ninfa_crocodile
457,///fragole.essi.cestini,959476594099326976,aluollin
460,"1.2921¬∞ S, 36.8219¬∞ E",1072425394907897856,absiyejunior
462,Zwischen Abgrund und Schein,836168691532300288,a_q_u_i_l_a
463,"Nagercoil, Tamil Nadu",272936200,rajbhagatt
464,"Iowa City, IA",1384167215973376014,dmkuznetsova
466,Copenhagen,297915370,ruth_mottram
467,"Montauban, France",3307183889,CelineCiron
469,Greece,374984100,StaridasGeo
472, ,1350039657006960641,JensWiesehahn
475,Edinburgh,2810294290,GIS4HE
476,Mechelen,2862873778,Strtman
478, ,1428174468946579456,nickgeo4387
479, ,1171846709577519116,mane_janhavi
480, ,1345454262,Jmoll45
481,"Bay Area, CA",444491705,joannawilkin
482,"Distrito Federal, M√©xico",15429684,pleautaud
483,Edinburgh,1323360123927089152,ChrisDoesGeo
484,United Kingdom,2295951570,LUCtweeting
485,Indonesia,559204199,rifqi_oktav
487,Madrid,127045668,srtena
489,"Windsor, Ontario",54664091,scribblemaps
499,IBIZA / Barcelona,769592708,valen_ibiza
500,"Finistere, Brittany",1498266524242612229,AbPictoris
502,"Oranmore, Galway, Ireland",17062648,AdamLeadbetter
505, ,572256579,gkankia
507,"Thrissur, Kerala",97141469,jinoytomjacob
509,"Washington, DC",2307023788,RickyAngueira
511,Mexico,27186708,jccpmx
514, ,1316124529,CharityN_N
516,London,1101617286,helenmakesmaps
517,"Crescent City, California, USA",29617124,postholer
524,"Corrientes, Argentina",2439142170,yeyomourglia
528,Colombia,124492052,igacColombia
530,Madrid,29250872,aherranz
531,"Helsinge, Denmark",7159622,geomenke
533, ,950010366779564043,alv_irl
536,"Rennes, France",1269597124406239233,mapmapnmap
540,"Tampa, FL ",575111574,nicolemark_
542,"Cambridge, MA",1277695083253465088,JacobCJameson
544,"Bretagne, Western Europe",903528074,Rodmarrig
546,UK,380816669,AlcisGeo
547,"Tokyo, Japan",716863,liquidx
548, ,940818090648068097,KrzBan
553, ,1073587085439877120,Hondunauta1
554,Lima,1434917493148164097,JamirGarro
557,"Boston, MA",166643823,ellenbechtel
561,hoy en el laberinto de Chas,245798822,tustovsky
566, ,80654959,Prancke
569,üíôforever in √çsland,5685812,hrbrmstr
575,"Wellington City, New Zealand",2537792462,GokulAnand_
576,"Charlottesville, VA",3000560584,forecaster25
579,"Kearney, NE",613290724,InJesst
580,"Newcastle Upon Tyne, England",797100813642596353,EZieD_
585,"Dijon, France",710248662685851648,issa_madjid
591,"Durham, England",584062133,RSanderson96
595,Earth,752317697090723840,Kevin_B_Haynes
604,Philadelphia,1266096171879206912,_helenschmidt_
612,"Dresden, Germany",796244592458862592,Vanessa_hre
614, ,2172857180,Topi_ve
619, ,2832224120,Munigovguy
621,France,1587393361979244544,Cartographe_
625,Ireland,4471183876,Seaniesan
630,"Amsterdam, The Netherlands",14143545,berttemme
631, ,3164189091,Katy_miniwaves
636,"Frankfurt am Main, Deutschland",833617709271285760,BKG_Bund
643,Stevenage,92832101,ian_usher1985
646, ,1721525712,matstvatt
651,Hamburg,1306128447094259713,HH_Geo
653,"Utrecht, the Netherlands",271326430,AvTetering
655,ƒåesk√° republika,3494716935,vlckel
659,"Orl√©ans - Loiret, France",2974366480,ArchivesOrleans
664,"Abuja, Nigeria",4869757229,______SM____
666,"Christchurch City, New Zealand",936728618,RGFell
673,West Wales,84513014,Mapper101
674,Saint-Mand√© (France),57276576,IGNFrance
675,Estonia,47698876,evelynuuemaa
676, ,2816382393,Yasmine_Bouzid_
680,"Newcastle Upon Tyne, England",1148686446536155137,JessWhoMaps
682,Verneuil-sur-Avre,2500728854,cartolycee
686,London,188784311,cdlseldon
687,"Bushbuckridge, Mpumalanga",1092847472899174400,asiramalH
690, ,1587580199889244162,unacast_ai
697,"Paris, France",1889684803,Lea_Des
701,"Wien, √ñsterreich",818501173208580096,9bewild6
702, ,935214845947011083,Sergio_RG_Geo
704,Krak√≥w,3001864091,SzwagrzykMarcin
706,"Bandung, Indonesia",480498669,RPriyatikanto
708,Vienna,573472167,ainvienna
713,"Zurich, Switzerland",926373147254943744,simgraworldwide
715,"Heidelberg, Germany",2952784447,GIScienceHD
720,"Eugene, OR",1359974490411724801,ianfreeman0
726,Ciudad de M√©xico,968471639347335169,toss_cas
727, ,1421674519970918401,Fansbleu
732,"Sunshine Coast, Queensland",752383581893251072,northroadgeo
733,Department of Statistics MY,317666411,najmi_ariffin
735,Guadalajara M√©xico,7630312,jdeltoro1973
736,"Sydney, Australia",20883022,michaelbewley
738,"Saskatchewan, Canada",1587993211649261569,Cartodonito
739,Bangalore,2921433517,BhuvanamitraS
742, ,1326401356324868101,platmosphere
746,"Washington, DC",56612205,hannahdormido
748,University of Guelph,828163334,mariotti_jane
749,New Zealand,2606576396,Thoughtfulnz
752,"Winnipeg, Manitoba",4252872793,CassClouston
755, ,2582765530,178918103
757,Cambodge,1336722353582125056,GeoMechain
758, ,1446221797125500932,PortelliRaechel
763,Boston,1201945107559276544,canigoholm
767,Belarus,884974759,AntonGorankov
768,"New York, NY",1376366322083229698,analytics_mk
769, ,1532900384099799040,davidfn9501
770,"Washington, DC",1224536012505919488,jmcdoeswell
773,Connecticut,13218572,ryanoneil
774,"Provo, UT",786949991893864448,alexlongtx
776, ,1218141643636756482,aya_morenoo
784,United Kingdom,2787878432,mildthing99
786, ,1444021159708839944,janmoilanen_ek
788, ,1419117337,estraaven
789,"Moscow, Russia",1433392126629404676,katarinalysenko
790,Berlin // Minneapolis,1588653769042104322,carston_maps
792,"London, England",593966702,lukacsovics
793,Europe,1130847282188963840,densudi
794,"Bremen, Germany",1122957238438592513,Anoze4maps
797,"Riga, Latvia",87239058,Valtzen
798,Saint Petersburg,1587512273823752192,jullizzzz
801, ,2213909976,VictimOfMaths
804,"Ottawa, ON",910889225448439808,professorkao
806, ,21695613,PekkaLooking
807, ,1487158826029699076,MisFilip
814, ,956913642607403008,mattamosphere
819,"Glasgow, UK",1178360051049861122,neilbanas
830,"Budapest, Hungary",49731238,attilabatorfy
831, ,841465160187428866,fritzGIS
836,Bel√©m do Par√°,176886400,tais_alcantara
843,Hong Kong,985921631439568896,Kenneth_KHW
849, ,1057231920990425088,SunitaP77841597
851,Sverige,1062319532528881671,MEmsing
868, ,1438102831,dhadelli
869,"Tartu, Eesti ",739155214968717312,lizhvania
872,‚≠êÔ∏è‚≠êÔ∏è‚≠êÔ∏èüá±üáª Latvia üá±üáª‚≠êÔ∏è‚≠êÔ∏è‚≠êÔ∏è,454372335,LArtour
879, ,1218862550504345601,beyondwattsuk
883, ,1355731192163819522,mapping_gnome
884, ,2889262156,andygol_
892, ,1087405402713743368,BCalhoon7
899,"New Delhi, India",169793365,kumar_sanjeet22
908, ,1568226976007077889,Map_invasion
912,World,2529411246,GeoalertTeam
925,Florida,379406678,tanya_shapiro
933,"Bangalore, Karnataka",1279711922628124672,geosnips
938, ,1324460652656812032,__UArt__
949,Up North,36932521,rsfrankl
951,Mare Lamentorum,147465553,akmalfrohman
963,"Phoenix, AZ",276280627,pnelson917
982,"Stuttgart, Germany",1421934178040483854,BoineeloMoyo
999,"Bremen, Deutschland",91548216,Cordster76
1015, ,494171107,RGuedonGH
1018,"Bisley, Nr.Woking, Surrey",774517236862255104,theloosegoat
1025,"Saint-Denis, La R√©union",715056173268000773,mirbole01
1028,London via Edmonton & Calgary,900161125,acrobins
1033,"Wellington, New Zealand",33788841,dakvid
1034,Jeddah ,594978879,Nada_h12
1035,"Lakewood, CO",1185432342858354690,CascadiaMac
1045,"Munich, Germany",143859326,nellomaps
1048, ,902708108,santizuluayal
1053,"Sydney, Australia",67770217,flywunala
1059,"Christchurch City, New Zealand",93839237,andrewdc_nz
1072,üèî,18796019,camkruse
1087, ,35560744,laurakurtzberg
1089,Melbourne,27567802,SimonGIS
1112, ,1521318841,angiopotomous
1114,@martini@vis.social,14707170,MartinBangratz
1124,"Ribeir√£o Preto, Brazil",912660712832557060,fblpalmeira
1136, ,925570614,HeatherCh100
1153,"Michigan, USA",931225337916153856,daturadelphina
1157,"New York, NY",319679019,YoniNachmany
1165,"Copenhagen, Denmark",1307770084333682689,_ane_rv
1175,Oregon,998412541574365184,missmaps_
1187,Southeastern MA,25813395,pivanputs
1190,"Lagos, Nigeria",536148916,zeezo04
1191,Spain,1297201168280674304,PClimatologia
1192, ,1230824335,ASteingisser
1251,Mexico,1061334050,lerii77
1254, ,117610391,LauraSmithCarto
1258,Belval Luxembourg,1076125157780058112,KonradSkoczyla1
1265, ,910548093980102656,MakMaps
1269,"Richland, WA",64099976,TC_Chakraborty
1274,Poland,2902589494,mapsbyp
1281,"el Poblenou, Barcelona",235702214,JoanSales
1283,ÿ∂ÿßŸäÿπ ÿ®ŸäŸÜ ÿßŸÑÿÆÿ±ÿßŸäÿ∑,1292653511914786816,up_702
1284,"Asheville, NC, USA",769611811641491456,EFisherWX
1290,Êù±‰∫¨ ÂìÅÂ∑ùÂå∫,967719352932843521,ShinagawaJP
1291, ,1142428236221177857,mappy_ella
1293, ,1228659691355590656,dusziv
1294,"Turku, Suomi",3465812597,Lounaistieto
1300,B√Æl√¢d Shinq√Æt,245309716,Bo_ocar
1301,Pdsta. Fdo G√≥mez de la Cruz 61,846732445823258625,GIS4tech_UGR
1306,"Pergamino, Argentina",808991136538890240,idepergamino
1312,"Rennes, France",32283900,BorisMericskay
1319,Paris,17964104,sabinerethore
1327, ,130596773,gijn
1341,Cornwall UK,328174631,KAnderson_RS
1342,Oslo,31547881,TSThrondsen
1352,ucd,1570024994981253122,LCAReframe
1355,"Madrid, Spain",193908521,IGNSpain
1363, ,1400314245775036419,WeatherLayers
1371,"Zaragoza, Arag√≥n, Espa√±a",424142578,IGEAR_Aragon
1387,"Fort Collins, CO",2294921384,hethbill
1388,"Bras√≠lia, Brasil",1589717351934599171,duda_geosig
1391,AA,1579421634871857153,JexAtreides
1396,El Salvador,1410690928210235396,sig_uca
1404,Occupied Ute Land,84077970,carrieis
1406,"Worcester, MA",1590859659044438016,jfrankelGIS
1407, ,964530657899827200,_motiss
1429,Scotland,1022172029817171971,Geolocoder
1431,"New York, NY",1255361139476742145,FSQStudio
1434,"Silver Spring, MD",521851227,ETTS_12
1437,Earth,1103150306152587264,Zuev34W
1440, ,101062805,sunnysideclaire
1443,"Nottingham, England",1051952093819543554,oabaines
1446,"Praha, ƒåesk√° republika",1105920540932493312,JuliaLeshcheno
1450,"Little Rock, AR",153144751,chalaoliverio
1462,Bordeaux,2849821618,Doroth_Cle
1470,Le Mans,252009888,odilon72
1479,World,1227968969090355201,geopoliticsnew3
1483,"Minnesota, USA",929098728782385155,McGuire_GIS
1487,"Detroit, Michigan",2325527617,mamcbain
1489,Barcelona | London | Alacant,152698624,ja_gras
1493,"-37.6303, 176.1720",2849434532,vanuatugis
1497,"The Hague, The Netherlands",558769093,AlieKebin
1501, ,1589629881381519364,ChallengerMap
1504, ,3270581047,AnalisisGeo
1513,"Doylestown, PA",20216394,MRubillo
1533,"Syracuse, NY",1527358392737550344,lucaskjohnson03
1537,"Copenhagen, Denmark",37453678,neogeografen
1539,"Zapopan, M√©xico",97729765,cruizch
1546,"Sheffield, UK",398915413,DanOlner
1549,Ciudad de M√©xico,1154257288158298112,geoscentricos
1552,Ch√¢teauroux-les-Alpes 05,751148918,lecartographe
1556,"London, England.",910423895320223744,BookwiseOwl
1567, ,1151638955613446146,JoseZavala2998
1571,Indonesia,81103832,latifiana
1578, ,714857534255931392,vidokti
1579,"Copenhagen, Denmark",1348957209292664832,marinageorgati
1588,"Espoo, Suomi",3720386117,TeemuSaloriutta
1606,"Lancaster, Lancashire, UK",71381847,PhotoInsomniac
1620,"Oxford, UK",1103937617819664385,chrisarderne
1624,"Newcastle Upon Tyne, England",863722747,TimRodaway
1629, ,1237751233039020032,IngeTolenaars
1630, ,3501358169,Victor_Celoni
1643,she/her,1229716017049370625,juliagdealedo
1648,"Calais, France",577363985,Tabularthur
1649,"Tokyo, Japan",1171534824558850049,mapbox_jp
1656,"Madrid, Comunidad de Madrid",121572923,dhernangomez
1662, ,3159366908,ArmandoForlani
1667,Alg√©rie,1488484612015853573,SIchebilia
1688,"Edinburgh, Scotland",3165261455,NNosenko
1691,"Milan, Lombardy",1401802995726270465,DomeGIS
1693,Singapore,1143915745614581760,urbanalyticslab
1727,Israel,1174353681946484739,bogind2
1735,"Rehovot, Israel",2167201254,Amit_Levinson
1741, ,225175389,HoneyBadger88
1760,M√©xico,230955495,EnriquePablito
1766,"Sydney, New South Wales",611541952,kmvadlamudi
1778,RV Nomad,1264638613,surfertp
1785,"Olympia, WA",869709367737634816,geo_coe
1800,M√©xico,799775490,AHerodoto
1806,"Dar es Salaam, Tanzania",1447856133050454018,MoisoDenis
1808,"Z√ºrich, Switzerland",18059675,vasile23
1829, ,4927644299,regardsroute
1861,"Lviv, Ukraine",2787433999,RomanSverdan
1867,Germany,1380461378482356231,aopinillap
1881,somehow DE ‚Ä¢ sometimes ES & AT,39204419,pascal_n
1905, ,46981809,nicoroud
1914,"Oporto, Portugal",1930391,egorka
1915,Iraq,1213562073608638465,0gTl94V44ur6iS6
1926,Zimbabwe,943666621,SimbaPasi
1962, ,1423495700910850053,fgscompany_inc
2014,Sydney or Tokyo,14851579,_kyliejane
2046,"Wellington, New Zealand",1310659130290388992,MapHustle
2080,Hamburg,317158835,terezaif
2174,Barcelona,308931672,jemoraz
2183,https://mapstodon.space/@mapsm,17174685,gmapsmania
2199, ,566341543,fiftylemons
2204,"Bologna, Emilia Romagna",959075525405827077,_federicocaruso
2237,Peru,1486533386663567362,Shuensleos
2247,"Forest Acres, SC",1333582327843328001,florageography
2258,"New York, New York",1479445509182005250,Mia_Szarvas
2263,UP Diliman,1368616698308304898,ayingdome
2274, ,1489739093869215746,SchendlAndrew
2299,"Cracow, Poland",75868477,egrabska
2302,"Paris, France & Taipei, Taiwan",2783002106,jhjanicki
2325, ,791292018,BrittLonneville
2332, ,2999881242,chs_silverdofe
2363,@vedransekara@mastodon.social,809417156,vedransekara
2382,Baggotonia,37703336,fergf
2383, ,1514971499773394950,glo9062
2391,Switzerland,274556371,JeanLucJucker
2400,"Milano, Lombardia",1577349561324126223,dr_tabuldina
2407,"Connecticut, USA",14251111,RonaldBradford
2409,UK,190644064,bcsmaps
2418,"Lille, France",1145709916201594880,dy_moinse
2425,Tokyo,1567478969162956801,MitsuhaMiyake
2433,Tokyo,1056888822942711808,mmits003
2443,"Copenhagen, Denmark",217771939,mszll
2482,Honduras,274856177,NheringLobo
2485, ,1552792955353993217,GIS_M0_hesham
2496,"Paris, France",978288308,JdSalachas
2508, ,4918282330,gamedinafrias
2520,"Savoie, Rh√¥ne-Alpes, France ",55806225,Jerome_Herbinet
2572,"Philadelphia, PA",1425658640552415232,mapping_monroe
2574,"lexington, ky ",1330301732560244739,NateSuggestions
2584,Bristol,230584797,PvtJoeker
2596, ,476373448,LebensDorn
2597,"Edinburgh, Scotland",1282345004988616705,fmacfarlane95
2605,Natal,285234362,FelipeFMonteiro
2611, ,729193748622495744,yiningw
2615,"Essex, UK",374050878,Oshodi_OS
2621, ,1459157845618962432,getlayerxyz
2627, ,820549719172718592,LuisNMonteiro
2630,Shropshire,1328992953080147968,Dav1dM0rgan
2635,"Novi Sad, Republic of Serbia",1372262673409261568,danilo_str
2648,"Tartu üá™üá™, Helsinki üá´üáÆ",920184584846835712,janika_raun
2651,"Ribes, Pened√®s",66191887,albertgui
2653,"Barcelona, Spain",139655651,Heliouz__
2659,Auckland,800447204020219904,Kim_Fitter
2663, ,799639944671219712,TeodoroJMartne1
2667,Belgium,251499060,mestachs
2668,"Lisbon, Portugal",908802680,mmmgeo
2670,"San Francisco, CA",1410763395670757379,CivilGrid
2676, ,2234521105,Cheyrlotte
2680,"El Salto, Jalisco",1047506642537992194,vestefaniav
2688,Paris,178739367,mariejulien
2689,"Cardiff, Wales",2462278352,agcwatkins
2690, ,1277577608239210503,datenschatz
2694, ,183765289,chochoamargo
2695, ,1169593324346499073,seer_goncalves
2696,Freiburg im Breisgau,1307060010669793280,shinysci
2699,Earth,241079136,CARTO
2703,Czech Republic,1375550164555948033,petrpajdla
2708,Arona | Milano,148715617,fede_gaspari
2710,"Firenze, Italia ",206780707,TaylorAKHiggins
2714,"Rome, Italy",1027935482,mmodima
2728, ,1598806436,Christopher_Wi
2730,Kassel,1908863924,thatMIKAtho
2738,"Salamanca, Spain",1586885128332132353,Li_Kaicheng_
2740,India,259684355,s_shashank_s
2750,"Bundesplatz 3, 3003 Bern",138083232,swiss_geoportal
2754,"Dublin, Ireland",21193285,ManAboutCouch
2756, ,1575476617488367618,lucas_garcia_93
2764, ,703164709,BarrouZakaria
2766, ,3121472727,LM_enCartes
2768,Not where I was yesterday,39361135,ianthetechie
2778,France,442982795,odile_p
2788,"Burlington, VT",5845962,mberg
2813,Berlin,4200489867,targomo
2820,üáßüá™  üá™üá∫  üáÆüá®,41654209,CharlesTroupin
2827,"Tenterden, England",187940439,apogeedata
2829, ,91818265,yannickbrouwer
2831, ,2254882206,krejsab
2836,"Rio de Janeiro, Brasil",3423112445,hec_vini
2837,Mexico DF,28714934,aloCrts
2840,"Morganza, MD",12405802,billdollins
2843,"Los Angeles, CA",1018515783545180161,BaoqiEileenChen
2846,"Jerusalem, Israel",2227560465,idoklein1
2849, ,2161488692,sumie_dh
2852,"Haderslev, Denmark",2526461,PHorsbollMoller
2854,"Frisco, TX",1351652072446435335,whiteowled
2856,"College Station, TX",108660744,Stata
2859, ,801318008912232449,nwbort
2863, ,840899540,josuemtzmo
2873, ,1276638203278065664,akmalhzn
2874,Netherlands,1196527997613940736,MRuehringer
2879,Germany,21383286,meinuelzen
2881, ,1384764591305936898,ChenSustech
2886,India,812179912379408384,techforwildlife
2900,"Gurugram, India",1230201709357621255,Heliware2
2902,"Birmingham, England",715437344858443776,geogologue
2912, ,129267375,nicolas_szende
2913, ,1257428219378241539,HugoLucasBLN
2921,Northern England,1506611553159811077,RavenberWay
2926,"Melbourne, AU",2905624932,darwinanddavis
2927,Exeter,1301214030,DamienMansell
2948,"Wien, √ñsterreich",117451592,waquner
2949,N√∏debo,509794262,Lene_Fischer
2958,Kenya,1425835867147444232,MapInfographics
2960, ,1501688039722164227,AntoniaPopes
2961,Sydney,83515599,stephenlead
2976, ,708797550887763968,becky_pep
2977,"Orl√©ans, France",2338985717,u4y0u
2992, ,1013303381899784192,LenaSeternes
3003,Pune,1541369131005771776,OlaPune
3004,Montpellier,331925772,mv_evans
3008, ,1330968885609246720,IndusRethinking
3013,"Portland, OR",1424758164373737478,ODDprofessional
3014,"Washington, DC / York",4003306397,jonni_walker
3016,"Bedford, England",3445229115,Silver7Mapping
3029,Sus la Talvera,1211687601117118464,L64806711
3032, ,1587690478539087873,chart_n_graphs
3035,"San Francisco, CA",22112910,Manassra
3036, ,278993722,TT_Infographics
3039,"Sinixt territory, BC",735851613965811712,feefifo_hannah
3045, ,911371691808366592,emmaterrestre
3046,Oakland CA,93046641,michalmigurski
3047,"Richmond, VA",272230279,natdink
3052,Alpha Quadrant,727701114,LaurenStacho
3060,"Richmond, VA ",18512960,latoyasgray
3063,Remote,269308570,JkariukiDev
3064,"Sydney, Australia",177660019,mukesh_ray
3068,"South Carolina, USA",17435433,CharlesRobbins
3073, ,14828675,rdhardy13
3074,E_Town,1249846131040845830,lawrence_kim_
3079,"Chicago, IL",805473822,dchalpern
3086,"Porto Alegre, Brasil",1579995612321402889,larissascury
3093,"Denver, CO",22531147,ryguy8021
3098,"Richmond, VA",2236680859,rileydchampine
3178, ,706138485,BacktoPaco
3205, ,1082711230459060224,maptheclouds
3211,"Kerala, India",1413048046099697668,PrigithJ
3220,"Sydney, Australia",35524425,saurabhdhiman
3225,"San Francisco, CA",265817210,ToddMostak
3226,"-70.935735, 43.135007",1129025867924037633,nhgranit
3236,"Mullingar, via Clonakilty",37999792,ger_the_sea
3252,"Barcelona, Spain",5762562,achillida
3254, ,1345027917902999552,SarahRobinDan
3256,"Wisconsin, USA",44530833,andrewrfrench
3289,Oslo,1093576729376051200,simonoxholmroy
3310,France,140836431,CITYAimmobilier
3317,"Emeryville, CA",118388768,AnthonyL_DAgost
3329, ,3016428829,asmita_deep
3332, ,264760310,fi_hardie
3339,Ireland,299559781,neilcfd1
3347,"Berlin, Germany",17970626,Lucas_Berlin
3350, ,1590595449769050112,feishuoshu
3354, ,6338922,alexsingleton
3371,"Paris, France",38395124,franceinfo
3406,"Fort Bend County, TX",1302149510798422017,paddyvjpeg
3424, ,976463268675022848,KevinBurkman
3432,"Davis, CA",1523747005,MicheleTobias
3434,Versailles ,1026155967480844291,AlandcoC
3438, ,600716854,georgekontsevik
3460,"Reynoldsburg, OH",1387404025591705602,KellenHodak
3478,"Auch, Gers",1477120246112735237,LilGirlBlueugz
3492,ÿØŸàŸÑÿ© ÿßŸÑŸÉŸàŸäÿ™,4229346580,gisertweets
3517, ,892041088852217858,PicardFloriane
3527, ,263668487,cle_ine
3536,"Istanbul, Turkey",47894312,oyasan
3537,Worthing,140608538,sambaars
3566,Germany,2364130388,driftnoise
3567,Northern Ireland,3308382005,GeoConor
3573,"Scotland, United Kingdom",996835888813494272,cj_maps
3574,"Baltimore, MD",1255336608292909059,aliciacsabatino
3580,"Vienna, Austria",124852105,AsjadNaqvi
3588,"Savoie, Rh√¥ne-Alpes",453551429,julien_artist
3619, ,3422450352,mia_fanmy
3639,Strasbourg,162511453,Geok120
3645, ,749153374919155712,abigail2154
3649,Dans la salle de veille,1382368520516816900,Gardien2Phare
3677,"Medell√≠n, Colombia",1097871559673462786,GeolabUdea
3684,"Redlands, CA",2992800331,ArcGISApps
3686,"Lake Placid, FL",4895763947,AngelineMeeks
3705,Oslo,277561218,SturleKrapyl
3725, ,1241476312222642179,NearandDistant
3726,"Kaduna, Nigeria",1215627548517916673,IsahAbdullaahi
3732,"Philadelphia, PA",2911550919,PhilPierdo
3748, ,1057228876168994816,808Computing
3775,"Enschede, Nederland",383360268,Cygnus26
3780,Italia,387562177,totofiandaca
3790, ,821710176726241280,Re_Mi_La
3835,"Bari, Foggia, Troia",2555652062,rodolforoseto
3844,Austin,446750101,ednardzcal
3847,"Leeds, UK",300404558,davidmckee0
3851,"Nairobi, Kenya",1038748169641840640,_francisodero_
3852,"M√ºnchen, Bayern",1495409664221233155,citiesbybike
3884,"Wales, United Kingdom",3053020672,skipper_is
3890,"Philadelphia,PA",333524694,CRVanPollard
3893,Europe,841213731510071296,EdjNet
3902,Chennai/ Khammam,1176736784660590592,chsai0009
3924,Lorient / An Oriant,117916930,GaelBriand
3926,Coyoac√°n,128674381,CMMontero_
3930,"London, UK",1322134106,Podaris
3952, ,6940762,elipousson
3958,Nepal,369690311,402MW
3962,Lyon,14697622,pierre_obrecht
3968,"Austin, TX",1575908121716875264,CoyoteCarto
3974,"Vienna, Austria",1568147015963402240,photo_TUW
3976,"Edge of New Forest, UK",3994467513,GeogDave
3980,"Maryland, USA",296798368,mapgirl18
3993,"Turku, Suomi",3552542476,SannaJokela1
4006,"London, England",219609015,urban_planning
4013,"Worcester, Massachusetts, USA",1146772513051041792,EbingerSamara
4015, ,1638098845,MANU_ANTONAKIS
4051,"Manchester, England",153718180,CraigTaylorViz
4058, ,1091743283007668224,seunmolz
4077, ,1176484906903506944,cnscartography
4103, ,3314746668,marcollergarcia
4113,"colonized Piscataway land, MD ",1328467646,j_masselink
4129,"Berkeley, CA",916056524442570752,parker_ziegler
4135, ,1039113909494538246,azzhou1
4145,"San Diego, CA",75958267,karmn_line
4148,Pedro Vicente Maldonado,344203746,adrian_gis593
4150,"Morgantown, WV",832517495827243008,Stella_Wava
4161,"Guadalajara, M√©xico.",379176102,daniel_isita
4162, ,3013019847,Amcg_ridesbikes
4187,Sri Lanka,711568886580129792,TNipunajith
4189,"Nottingham, England",929010879693230081,UonDigiResearch
4192,New York,889493055782387712,timebankk
4200,"Berlin, Germany",500573974,Datawrapper
4212,France,1639563464,semae_officiel
4214,France,2248691336,CetArtMoyen
4217,"Madison, Wisconsin",1583269421891477504,GISphereGuide
4258, ,1586633779682197505,user4467_
4263,London,1513212081448882180,morandehr
4267,Nouvelle-Aquitaine,1576217564685942785,Ezaan84300488
4313,Taipei,1133300048500944897,KKKKK70109928
4316,California,1598752860,NathanCShephard
4323, ,1333548250364862465,qgisecuador
4344,Helsinki,957668860722929664,sakkesarjakoski
4358,USA,1583174651404259331,DR20102010
4359, ,1500836663186100238,Tendo3Winnie
4368,"Hamburg, Germany",1710706561,cartocalypse
4416,Le Mans,1511971504434647040,JMi_Follin
4419, ,313729518,ImKundanKrishna
4431,"New York, USA",24275407,Fuertebrazos
4444,"San Francisco, CA",68567752,odbol
4451,"Vilnius, Lithuania",3401109154,DonatasBruzas
4464,"Edinburgh, Scotland",283445478,philbartie
4467,"Kent, OH",2437301569,MapesGeog
4478,"Kempten & M√ºnchen, Germany",907957648712257537,Jopasstscho
4503,"Nairobi, Kenya",840231706091245568,omegafredric
4520,"Neuch√¢tel, Suisse",3246167362,MathieuAvanzi
4531, ,2973661829,dodriscoll77
4551, ,1331897860019818498,arnalielsewhere
4562,Victoria BC,17739338,simonnorris
4570,Kingdom of Pinus Insularis ,2184494542,mcneilamandy
4615, ,41500240,yunjinzh
4619,"Newcastle Upon Tyne, England",910909068,jmilne_
4621,Worldwide,2916925965,OpenHistMap
4636,Europe,956484807969648641,pleiszenburg
4642,Val Marie / Treaty 4,851149914725916672,ksituan
4650, ,1390570979907104768,lucymakesmaps
4658, ,196313535,amanfromuncle
4660, ,1439277897072664584,SebHanika
4662,"Munich, Germany",4803263322,liunianhua
4665,Calgary Alberta Canada,97022694,jon_neufeld
4677,England,57771100,sophwats
4682,"Tbilisi, Georgia",925644480614666240,aslvova
4685,strasbourg ‚Ä¢ 18y,1165352020448034818,mosellanleftist
4689, ,257404537,DeadInLongRun
4708,Bogor,1188125656200007686,datoel_toel
4709,"Berkshire, UK",351638831,ScientistSoph
4710, ,1254148861796417536,mrt_donmez
4713,IIT Roorkee,1308037272,Dixit13K
4714,Northern Ireland,160276179,lcgeography
4720,Moscow,3107510908,RilosRu
4726,"Dublin City, Ireland",2517809380,im_coasts
4727,heaven w tran,3983067388,CourtkneeKP
4728,"St. Gallen, CH",16740363,lseelenbinder
4732, ,2860575512,mapbosse
4737,Ealing,14178252,milh0use
4738, ,1496580271331758089,MWidengard
4745,Euskal Herria,19770809,theklaneh
4747, ,1584657374496817154,Nome828805451
4748,France,1446832727660052488,raymoaisla_map
4749,London,797269102385500160,LaksonoDany
4759,"Caen, France",298461309,UnMilitant
4762,Moscow,1425462337926991874,olgommershtadt
4767,"Charleston, SC",1047314175364620288,the_casserole
4780,"athens, greece",262612993,EleniTomai
4799, ,1230111870633365509,TripplesGame
4802,Paris and Berlin,46200238,_Blef
4817,"Guildford, England",1927775000,BisianiSimona
4836,Everywhere,1250599573,URISAVC
4838, ,2170595582,ngrhngrh
4844,"Delft, Nederland",1311905835577212928,GISOCW
4846,Philippines,1179527994483720192,BNHRdotXYZ
4853,"42.500464,2.167742",13864582,JBingold
4861,Marseille,108928400,mapperfr
4862,"Wageningen, Nederland",713182297592348672,_sam_agy
4864,"Savannah, GA",872875372051824641,GeothinQ
4865,"Helsinki, Finland",38129790,StepanKuzmin
4866,"The Bahamas/ Cambridge, UK",1455635857,LindyClyde
4867,ÊµúÊùæÂ∏Ç,3396828013,hiroishi0422
4876, ,55236002,Mapbox
4877,"Nairobi, Kenya üá∞üá™",371227452,akhmedark
4884,"Nairobi, Kenya",964974181493428224,Godwin_Murithi
4889, ,1449404853634035718,wong_shihan
4895, ,489336618,tsubasan_m
4897,"Washington, DC",20483872,ADrauglis
4908,"Maastricht, The Netherlands",47077289,stratopo
4911, ,730683116893941761,Atlas_of_Change
4934,"Exeter, England",56648781,Thierry_G
4940,UK,1040681751859916802,eyes_roger
4961,"Northern Territory, Australia",1319832619052249089,CSVerdel
4966,"Warszawa, Polska",1055531820257820673,PaneckiTomasz
4968,"Marseille, France",2604919633,JohannProd
4969,"North Wales, United Kingdom",14442542,robhawkes
4973,Êù±‰∫¨ÈÉΩ‰∏≠ÈáéÂå∫Êù±‰∏≠Èáé4-2-3,1451340075548119041,ttc_dsai
4974,Senegal,922845064707047425,Lord_Salomon
4976,"Inverclyde, Scotland",29963497,nicci_potts
5023, ,2149588681,Pow__C
5029,Global,453028244,lutraconsulting
5052,"Vienna, Austria",1247748376986148864,maniconaji94
5063,Aotearoa New Zealand,1851147889,iamSimon_A
5067,Manaus,2293200506,_eduardosimoesr
5077,Georgetown Ontario ,1291394875,MeghanMvandoorn
5116,"Vienna, Austria",311043334,underdarkGIS
5128,Toronto,1391955894,AngeAlexander88
5129,Tartu,1455960818722525186,RalGarcaEstvez1
5135,"New Brunswick, NJ",76149539,entchev
5144,"37¬∞48'26.9""N 122¬∞16'03.2""W",12022052,felt
5176,"Qu√©bec, Canada",774998477759778816,dataparkblog
5188,"Glasgow, UK",142026857,raffverduzco
5193,"London, England",826131117417910272,marcreid
5231,Aberdeen,511040524,raveydave76
5245, ,1376982118237093888,spatialKray
5280,Singapore,2894442717,fbiljecki
5289,"Washington, DC",14913762,hurricanevicky
5320, ,2495816629,koos28east
5342,"Tokyo-to, Japan",1172474377876586496,KoichiIto12
5346,Switzerland,1278752245,seb_bujard
5349,"Madison, WI",19623605,HaraldKliems
5366,"Florida, USA",46352513,javedali99
5369,"Albuquerque, NM",1003338634026553345,DomRiccobene
5379,"Anchorage, AK",29306162,benmatheson
5385,variable ,1465157221,laurentgontier
5387,Cartagena de Levante,1954727131,IlustresMarinos
5394, ,1119575517949243392,Fijnweer
5405,"Lahore, Pakistan",3107281231,SulemanBader
5427,London,252519639,oliver_dw
5436, ,18133389,hrykyn
5452,"Park City, UT",7735882,MaxellXLII
5467, ,3418339671,i_ameztoy
5482,TANZANIA,3041080523,ShabaniMagawila
5504, ,1957533698,maggiedoan
5513, ,1455949958893367296,echarty_R
5523,"Bangalore, India",1391671991946469378,geoiq_ai
5557, ,1597064162005458944,chislett2480
5575,Bagnolet (93),1487119777151832064,paul_rogy
5582, ,1225563644,denisechc
5583,"Seattle, WA",1393367058,WilliWandurraga
5593,Paris,793923476994359296,BooneLovesVideo
5719,"Hamburg, Deutschland",3696207497,dgfk_net
5821,Freiburg im Breisgau,975473648,Reyfenberg
5846,United Kingdom,1110271474944872450,SuglaniNaresh
5855,"Rennes, France",1055434618365767680,AKatossky
5873, ,1548258992580730880,interactmaps
5885,"Brentford, West London",1204531617412329472,Olsights
5925, ,154138815,janfygautier
5943, ,1593779145066139656,markwduchene
5950, ,1443648031014916101,Massimo_So
5954,"Austin, TX",1278340072689958913,CartoDBS
5969,San Francisco via New England,12329722,yuletide
6014,"San Francisco, CA",97487404,greeninfo
6030, ,891324146,j_p_schroeder
6040,London,22780696,jim_mac
6043,Paris,2367649759,Gaelle_Sutton
6046,ÿßŸÑŸÖŸÖŸÑŸÉÿ© ÿßŸÑÿπÿ±ÿ®Ÿäÿ© ÿßŸÑÿ≥ÿπŸàÿØŸäÿ©,1579167546284064768,BadriaAlharbi_
6076,"Vernon, BC, Canada",21869817,MapsRus
6080,Kuwait,346293886,TalalGeo
6114,Stadtrand vom Reichshauptslum,834016754884026368,BasiIg
6149,"Espoo, Suomi",1105125638548135936,kovalainenaa
6159,"Sunyani, Ghana",2788193464,Rich_celda
6166, ,1225162671491821568,GeospatialJess
6231, ,576565401,chocolatte55
6236,"Nashville, TN",1414590717926707200,LittleMissEsri
6243, ,4273148897,cmhc23
6247,"Redlands, CA",2848004869,Geolographer
6252,"Salt Lake City, Utah",1422637537881821185,TrvrFrnch
6271,"Burlington, Ontario",155631208,kylejhutton
6283,"Paris, France",2758549970,Ricccarto
6329,"Ch√≠a, Cundinamarca",1507975706227232769,SR433_20
6363,"Nantes, France",2911192966,compas_infos
6372,"Sejong, Republic of Korea",48979874,endofcap
6384,Japan,2428699477,eatora22
6404,Sweden,1143779197107806208,JonasNelson19
6408,Australia,1276751130714714112,AeCartographer
6462,Seattle,727087799304884225,rosewhite97
6465,Toronto,1286366394,theraushanb
6493, ,2751438647,kailyn_decker
6496,"Waterloo, Ontario",292971407,mappedin
6510, ,1328063696409665541,BottonHugo
6517,Z-City Ghost Town,15741656,SketchpunkLabs
6549, ,1136019183144177665,DBahlburg
6611,People's Republic of China,1108923125272461318,Zonghe_Elio
6621,Mastodon,18855622,ZorzalErrante
6624,"Berlin, Germany",4341043642,MykolaKozyr
6638,"Bretagne, Europe",3102473860,NhuBretagne
6646,"Norfolk, UK",19870047,CarolineHack
6654,Leamington Spa,2809999793,owenjpowell
6667,Cyprus,1142675501263314944,_mariosmsk_
6814,Vrindavan/Rapti ,1410194638963572739,Gorak_sh
6826,M√©xico,175638508,jocantudev
6858, ,1263997606759403520,S_Estremo
6868, ,884817206,Hathibel
6889, ,62318613,maro55
6924, ,381890273,sixtocristiani
6953,"Tampere, Finland",1878525498,JaakkolaLari
6977, ,554245448,UtagawaVTT
7009, ,2784176640,jarrin_v
7034, ,1057686396910002176,shademap
7139,"N C√¥te-d'Or, Bourgogne, France",4121790137,mathieuchartie2
7195,Massachusetts,17448055,awoodruff
7218, ,12994062,eeholm
7230,  Oklahoma City Convention Ctr,273219728,gis_t_symposium
7354,"Girona, Catalunya. Espanya",240203756,SIGTE_UdG
7372,Gauja National Park,1056624482566266880,57x025
7380,"Northern, VA",773177078543941632,prncevincecares
7392,"Ici, l√†-bas, ailleurs üåç",480988288,CEbenya
7409,New Zealand,3005542459,geotologist
7463,"Leeds, England",1059004055878598656,AlexFoyn
7473, ,125144858,LauraCervanttes
7589,UK,120816884,rgiordano79
7608, ,1508423727628881925,Geotales_io
7625, ,976483022345330689,JveuxDuSoleilFR
7638,Worldwide üåç,46369870,MapTiler
7651,Global,1287782419542814720,Scienc4Society
7663, ,1131474811,cartefrancaise
7669,"Perugia, Umbria",715119177246359552,GisAction
7673,"GT, OWL, NRW, GER, EU, Earth",913117667724337153,fl0h0ff
7720,Lille,180406950,_daffyduke_
7785, ,1158272334,anders_elias
7791,"Brentford, West London",27022649,tonegriff
7843, ,2637538092,sapine62
7854,"Newcastle, AUS / Awabakal Land",172323510,atstyan
7865,Paris,16981026,JournalDuGeek
7894,"ƒ∞stanbul, T√ºrkiye",1313061443261149185,gijnTurkish
7956, ,1224363840642732032,andino_amb
7972,"Paris, France",1587533628627632132,Mikayil_T
7973, ,1004100951039283200,earthrisemedia
7976,"–ú–æ—Å–∫–≤–∞, –†–æ—Å—Å–∏—è",941640901146894338,art_archibasov
8059,–ú–µ–∂–¥—É–Ω–∞—Ä–æ–¥–Ω—ã–π —Ü–µ–Ω—Ç—Ä,785804236655251457,gijnRu
8074,"Delft, Netherlands",2601338280,UNIGRAC
8096, ,518294982,tcburakturhan
8128,N06.36593¬∞ E007.53170¬∞,263553241,vetsolo28
8140,"Sydney, New South Wales",1529709999551029248,thisdaz
8151,United States of America,1393290762033500166,JustElexMaps
8159,"Washington, D.C.",3384952253,roblipinski
8160,Along the waterfronts of NYC,307597573,RunEveryStreet
8171, ,1542572033543766016,brueggeman_leah
8185,"England, United Kingdom",234829803,geogale
8229,Gatineau,1297465652547137543,stepminer2
8300,"San Francisco, CA",977070436163858432,SeadogAI
8309,on a train,42977249,AlexisLitvine
8367,"Paris, France",158407263,tykayn
8399,Somewhere behind you ,1291030480062681088,Huygens_OH
8426,"Brisbane, Australia",25722912,peterakarelt
8436,MA / Suconet (Wampanoag) Land,822048926081712128,Cchurchili
